{"cameraMode":{"drawMode":0,"name":"Shaded","section":"Shading Mode"},"sceneLighting":true,"audioPlay":false,"sceneViewState":{"showFog":false,"showMaterialUpdate":false,"showSkybox":false,"showFlares":false,"showImageEffects":false,"showParticleSystems":false},"in2DMode":false,"pivot":{"x":5.160862922668457,"y":-0.8895049095153809,"z":-0.1603069305419922},"rotation":{"x":0.03622525930404663,"y":-0.3531620502471924,"z":-0.013566321693360806,"w":-0.9347822666168213},"size":34.13177490234375,"orthographic":false}